name, favorite-style, username, password, profile-picture
James, Boat, jboat, password1, man1.jpg
Robert, Boat, rboat, password2, man2.jpg
John, Boat, johnboat, password3, man3.jpg
Michael, Boat, mboat, password4, man4.jpg
David, Boat, dboat, password5, man5.jpg
William, Boots, wboots, password6, man6.jpg
Richard, Boots, rboots, password7, man7.jpg
Joseph, Boots, jboots, password8, man8.jpg
Thomas, Boots, tboots, password9, man9.jpg
Charles, Boots, cboots, password10, man10.jpg
Christopher, Sneakers, csneakers, password11, man11.jpg
Daniel, Sneakers, dsneakers, password12, man12.jpg
Matthew, Sneakers, msneakers, password13, man13.jpg
Anthony, Sneakers, asneakers, password14, man14.jpg
Mark, Sneakers, marksneakers, password15, man15.jpg
Donald, Moccasins, dmocc, password16, man16.jpg
Steven, Moccasins, smocc, password17, man17.jpg
Paul, Moccasins, pmocc, password18, man18.jpg
Andrew, Moccasins, amocc, password19, man19.jpg
Joshua, Moccasins, jmocc, password20, man20.jpg
Kenneth, Crocs, kcroc, password21, man21.jpg
Kevin, Crocs, kevcroc, password22, man22.jpg
Brian, Crocs, bcroc, password23, man23.jpg
George, Crocs, gcroc, password24, man24.jpg
Timothy, Crocs, tcroc, password25, man25.jpg
Mary, Crocs, marycroc, password26, woman1.jpg
Patricia, Crocs, pcroc, password27, woman2.jpg
Jennifer, Crocs, jenncrocs, password28, woman3.jpg
Linda, Crocs, lindcrocs, password29, woman4.jpg
Elizabeth, Crocs, lizcrocs, password30, woman5.jpg
Barbara, High-Heels, bheels, password31, woman6.jpg
Susan, High-Heels, sheels, password32, woman7.jpg
Jessica, High-Heels, jheels, password33, woman8.jpg
Sarah, High-Heels, saheels, password34, woman9.jpg
Karen, High-Heels, kaheels, password35, woman10.jpg
Lisa, Sneakers, lisasneakers, password36, woman11.jpg
Nancy, Sneakers, nancysneakers, password37, woman12.jpg
Betty, Sneakers, bettysneakers, password38, woman13.jpg
Margaret, Sneakers, margaretsneakers, password39, woman14.jpg
Sandra, Sneakers, sandrasneakers, password40, woman15.jpg
Ashley, Hiking, ahiking, password41, woman16.jpg
Kimberly, Hiking, khiking, password42, woman17.jpg
Emily, Hiking, ehike, password43, woman18.jpg
Donna, Hiking, dhiking, password44, woman19.jpg
Michelle, Hiking, mhike, password45, woman20.jpg
Carol, Heelys, cheelys, password46, woman21.jpg
Amanda, Heelys, aheelys, password47, woman22.jpg
Dorothy, Heelys, dheelys, password48, woman23.jpg
Melissa, Heelys, mheelys, password49, woman24.jpg
Deborah, Heelys, debheelys, password50, woman25.jpg